Month,Revenue
Jan,12.8308927
Feb,13.0965413
Mar,16.3043381
Apr,16.2226625
May,17.9427232
Jun,15.7774619
Jul,16.8721293
Aug,17.1125012
Sep,7.551535
Oct,8.5138255
Nov,12.0332336
Dec,8.8223563
