State,Revenue
Sao Paulo,57.9157303
Rio De Janeiro,20.768293
Minas Gerais,17.8458838
Rio Grande Do Sul,8.5684945
Parana,7.7955339
Bahia,6.0504173
Santa Catarina,5.7969661
Goias,3.4462185
Df,3.4417028
Es,3.1679828
